{
  "version": 1,
  "author": "Sishir Anand Indupalli",
  "editor": "wokwi",
  "parts": [
    { "type": "wokwi-arduino-uno", "id": "uno", "top": 0, "left": 0, "attrs": {} },
    {
      "type": "wokwi-7segment",
      "id": "sevseg1",
      "top": -187.02,
      "left": 24.28,
      "attrs": { "common": "cathode" }
    },
    { "type": "wokwi-membrane-keypad", "id": "keypad1", "top": -194, "left": 389.6, "attrs": {} },
    {
      "type": "wokwi-resistor",
      "id": "r1",
      "top": 253.55,
      "left": 86.4,
      "attrs": { "value": "1000" }
    }
  ],
  "connections": [
    [ "sevseg1:E", "uno:8", "green", [ "v48", "h9.6" ] ],
    [ "uno:9", "sevseg1:B", "green", [ "v-201", "h-9.4" ] ],
    [ "uno:10", "sevseg1:A", "green", [ "v-210.6", "h-9.5" ] ],
    [ "uno:11", "sevseg1:F", "green", [ "v-220.2", "h-9.6" ] ],
    [ "uno:12", "sevseg1:G", "green", [ "v-229.8", "h-105.7" ] ],
    [ "sevseg1:D", "uno:7", "green", [ "v38.4", "h153.6" ] ],
    [ "uno:6", "sevseg1:C", "green", [ "v-95.4", "h-6.5" ] ],
    [ "sevseg1:COM.1", "r1:1", "green", [ "h0", "v86.4", "h-76.8", "v278.4" ] ],
    [ "r1:2", "uno:GND.2", "green", [ "v0", "h27.6" ] ],
    [ "keypad1:R1", "uno:5", "green", [ "v9.6", "h-105.6", "v-230.4", "h-9.6" ] ],
    [ "uno:4", "keypad1:R2", "green", [ "v-76.2", "h156.9", "v230.4", "h124.8" ] ],
    [ "keypad1:R3", "uno:3", "green", [ "v28.8", "h-144.3", "v-230.4", "h-134.4" ] ],
    [ "uno:2", "keypad1:R4", "green", [ "v-57", "h118.7", "v230.4", "h163.2" ] ],
    [ "uno:A0", "keypad1:C4", "green", [ "v86.9", "h358.4" ] ],
    [ "keypad1:C3", "uno:A1", "green", [ "v124.8", "h-9.75" ] ],
    [ "uno:A2", "keypad1:C2", "green", [ "v67.7", "h310.6" ] ],
    [ "keypad1:C1", "uno:A3", "green", [ "v105.6", "h-288.1" ] ]
  ],
  "dependencies": {}
}