{
  "version": 1,
  "author": "Sishir Anand Indupalli",
  "editor": "wokwi",
  "parts": [
    { "type": "wokwi-arduino-uno", "id": "uno", "top": 0, "left": 0, "attrs": {} },
    {
      "type": "wokwi-membrane-keypad",
      "id": "keypad1",
      "top": -174.8,
      "left": 408.8,
      "attrs": {}
    },
    { "type": "wokwi-led", "id": "led1", "top": -109.2, "left": 71, "attrs": { "color": "red" } },
    {
      "type": "wokwi-led",
      "id": "led2",
      "top": -109.2,
      "left": 119,
      "attrs": { "color": "limegreen" }
    }
  ],
  "connections": [
    [ "led2:A", "uno:8", "green", [ "v9.6", "h28.8" ] ],
    [ "uno:9", "led1:A", "green", [ "v-28.2", "h-67" ] ],
    [ "led1:C", "led2:C", "green", [ "v38.4", "h0.4" ] ],
    [ "led2:C", "uno:GND.1", "black", [ "v38.4", "h-28.4" ] ],
    [ "keypad1:R1", "uno:5", "green", [ "v19.2", "h-105.6", "v-259.2", "h-192", "v19.2" ] ],
    [ "uno:4", "keypad1:R2", "green", [ "v-76.2", "h176.1", "v259.2", "h124.8" ] ],
    [ "keypad1:R3", "uno:3", "green", [ "v38.4", "h-144.3", "v-259.2", "h-153.6" ] ],
    [ "uno:2", "keypad1:R4", "green", [ "v-57", "h137.9", "v259.2", "h163.2" ] ],
    [ "uno:A0", "keypad1:C4", "green", [ "v106.1", "h32" ] ],
    [ "keypad1:C3", "uno:A1", "green", [ "v124.8", "h-345.75" ] ],
    [ "uno:A2", "keypad1:C2", "green", [ "v86.9", "h329.8" ] ],
    [ "keypad1:C1", "uno:A3", "green", [ "v105.6", "h-307.3" ] ]
  ],
  "dependencies": {}
}