{
  "version": 1,
  "author": "Sishir Anand Indupalli",
  "editor": "wokwi",
  "parts": [
    { "type": "wokwi-arduino-uno", "id": "uno", "top": 0.6, "left": -0.6, "attrs": {} },
    {
      "type": "wokwi-led",
      "id": "led1",
      "top": -128.4,
      "left": 90.2,
      "attrs": { "color": "red" }
    },
    {
      "type": "wokwi-led",
      "id": "led2",
      "top": -128.4,
      "left": 61.4,
      "attrs": { "color": "red" }
    },
    { "type": "wokwi-led", "id": "led3", "top": -128.4, "left": 23, "attrs": { "color": "red" } },
    { "type": "wokwi-led", "id": "led4", "top": -128.4, "left": 119, "attrs": { "color": "red" } },
    {
      "type": "wokwi-resistor",
      "id": "r1",
      "top": 72,
      "left": -77.35,
      "rotate": 90,
      "attrs": { "value": "220" }
    },
    {
      "type": "wokwi-membrane-keypad",
      "id": "keypad1",
      "top": -174.8,
      "left": 370.4,
      "attrs": {}
    }
  ],
  "connections": [
    [ "uno:8", "led2:A", "green", [ "v-37.8", "h-0.2" ] ],
    [ "uno:9", "led3:A", "green", [ "v-28.2", "h-115" ] ],
    [ "uno:7", "led1:A", "green", [ "v-66.6", "h-6.6" ] ],
    [ "uno:6", "led4:A", "green", [ "v-76.2", "h-54.5" ] ],
    [ "led4:C", "led1:C", "green", [ "v19.2", "h0.4" ] ],
    [ "led1:C", "led2:C", "green", [ "v19.2", "h-28.4" ] ],
    [ "led2:C", "led3:C", "green", [ "v19.2", "h-38" ] ],
    [ "led3:C", "r1:1", "green", [ "v38.4", "h0.4" ] ],
    [ "r1:2", "uno:GND.2", "green", [ "h0", "v142.8", "h220.8" ] ],
    [ "keypad1:R1", "uno:5", "green", [ "v0", "h-105.6", "v-230.4", "h-153.6" ] ],
    [ "keypad1:R2", "uno:4", "green", [ "v9.6", "h-125.2", "v-230.4", "h-134.4" ] ],
    [ "keypad1:R3", "uno:3", "green", [ "v19.2", "h-144.3", "v-230.4", "h-115.2" ] ],
    [ "uno:2", "keypad1:R4", "green", [ "v-47.4", "h99.5", "v230.4", "h163.2" ] ],
    [ "keypad1:C1", "uno:A3", "green", [ "v57.6", "h-9.7" ] ],
    [ "keypad1:C2", "uno:A2", "green", [ "v67.2", "h-288" ] ],
    [ "keypad1:C3", "uno:A1", "green", [ "v76.8", "h-307.35" ] ],
    [ "keypad1:C4", "uno:A0", "green", [ "v86.4", "h-326.7" ] ]
  ],
  "dependencies": {}
}